princes eliktra,princess eliktra,pinces eliktra,princess,princes, princes elektra,princess elektra
rengwen mcgrath,renwen mcgrath,rengwen mcrath,rengwenmcgrath,reng,rengwen
healemup,healmeup,healem
bowenarrow,bowen,bowemarrow,bownarrow,bowen arrow
Lightemup,lightmeup, ligthemup,lightem up
slashemup,slashmeup,slashem,slshemup,slashem up
aemis,ameis
anarchy,amarchy
louisen,louise,lousen,loiusen
valla rees,vallarees,valla nees,vala rees,valla ees,valla
trixi,trix,trixe
ivy,lvy,
sundropkiss,sundropkis,sndropkiss,sun drop kiss, sundrop kiss, sun dropkiss, sundrop
jasperodus,jasp,jasper,jasperdos,jasperodes,jadperodus
kilzalot,kilz,kilza,klzalot,kilz alot
torgor,trgor,torgr,terger,torger
rogue reaper, roguereaper,ruoge reaper, rouge reaper, rougereaper
tank man,tankman,tankan,tankma
erandel,erendel,erandal,erendal,erendol,erondel
scope,scop
lutece,letuce,lutec
burdigal,brdigal,berdigal,burdigel,berdigel
exblood,ex blood,eblood,exbloo
rags,ragz,rag
hattori hanzo,hattorihanzo, hatteri hanzo,hattori banzo,hattori,hatt,hanzo
moonblood,moon blood, moonbloo,mooblood
dreaded,dread,dreadd
dark hunter, darkhunter
golden knife, goldenknife, golden, goldanknife, goldan knife
ildor coles, ildorcoles, ildor, ildor cole, ildorcole
jezuz09,jezuz,jesus,jesus09,jezus09,jesuz09
liljezuz,lil jezuz, lijezuz
jolle,jole,jollee,jolie
tedd mccoy, teddmccoy, tedd
luckyandfun,lucky,luckyfun,luckandfun
stop it, stopit
thathurts, that hurts
go away, goaway
raynard winters, raynard, raynrd winters, raynerd winters, raynard winter
spiritaldeath,spiritualdeath,spiretaldeath,spirital,spirit,spiritialdeath,spritaldeath
spring willow,springwillow,spring,spring willo
mag1cal me, magical me, magicalme, mag1calme
vikthor,vkthor,victhor
ancient arrow, ancientarrow
pinkys warrior,pinky,pinkys, pinkyswarrior, pinkywarrior, pinky warrior
palaemon,palamon,palemon
magican123,magician123,magican,magican12,magician12
slowpoke, slow poke, slowpok
slowking, slow king, slowkin
aldryn,aldrin,adlrn,aldry
cascade,cascad,cascde
arizonaw,arizona,arinzonw
brodee,brode,brdee
lashy,lashe,lashie
camb0x69,camb0x,cmb0x69,camb0,cambx69
cool strike,cook strike,coolstrike
deadroguez,deadrougez,deadrogues,deadgrouges,dead roguez,dead rougez,deathroguez
giftpilz,giftplz,gftpilz,giftpils
icrityouquit,icrit,icrituquit
istunyourun,istun,istunurun
jknielsboss,jkniel,jnielsboss,jknelsboss
lifeofsword,lifeof,lfeofsword,lifeofswourd
mefistaphilis,metistaphilis,mefisafilis,mefista,mephista,mefistaphiles
meatball,meat ball
greenguy,green guy
sir meliodas, meliodas, sirmeliodas, sir melodas, sir milodas
mayster, mayst
mightyr4nger,mightyranger,mightranger, mightr4nger, mighty r4nger
mightydru1d,mightydruid,mightdru1d,mighty druid
pytho,pyth
rangertoonduhhh,rangertoon,rangertoonduhh,rangertoonduh
rhobert mars, rhobertmars, rhobert, robert mars, robertmars
robhimlerr, robhimler, robhimlerr, robimlerr, robhinlerr, robhinler
r0ogue,roogue
m1xf1x,m1xfix,mixfix,mixf1x,m1x f1x
sneakashell,sneakshell,sneaka shell, sneak shell
superiorravan,superiorraven,superioravan,superioraven,superior ravan, superior raven,ravan
steinberg,stinberg,stenberg,stein berg,
sunshine2151,sunshine,sunshine 2151, sun shine2151, snshine2151,sunshine215,sunshine2161
s3xymage,sexymage,s3xym4ge,s3xy mage, sexy mage,s3xy
zatheenah,zatheena,zathenah,zatheen
zolo razor, solo razor, zolorazor, zolo razer
1hp,1 hp
o0neith0o,neith,ooneithoo,00neith00,o0neith,ooneith,neith0o,neithoo
thallen,thall,thal,thalln,tallen,thebestrogueinronin
papakaterishki,papakatershki,papakaterishki
mariejohanna,marriejohanna,maryjohanna
huggabl3 babe,huggabl3babe,huggable babe,huggabl3
death stroke,deathstroke
cheiron,chevron,chiron,cherion,chieron
skydancer,skylancer